,number_of_layers,mean,std
0,1,141.18,54.011180324077344
1,2,112.71,67.77717831246738
2,3,109.78,57.61502928924015
