number_of_nodes,mean,std
8,124.88,60.32151854852463
16,138.18,50.73763494685183
32,153.51,48.33663103692685
64,156.25,54.81721901008842
128,161.59,52.52791543550914
